train_acc;train_loss;test_acc;test_class_acc;test_loss
0.6178861788617885;0.08494487404823303;0.6428571428571429;0.5346749811035525;0.08514820972109229
