train_acc;train_loss;test_acc;test_class_acc;test_loss
0.6897508800433252;0.0770294025068004;0.7544191919191918;0.7417376215705821;0.07188651315642125
0.7412672623883022;0.07136640099208551;0.7398989898989898;0.7129629302609102;0.07180999132870423
0.7617113457893311;0.06907189837463888;0.7575757575757576;0.7671923230494565;0.06809488744145692
0.7664500406173842;0.0676616298953746;0.7746212121212122;0.7672363622297116;0.06728706919033119
0.7782290820471162;0.06652769988563706;0.7720959595959597;0.7856337954853508;0.06609509904125724
