train_acc;train_loss;test_acc;test_class_acc;test_loss
0.6128048780487806;0.08509121798887485;0.6746031746031746;0.5566515495086923;0.08243093960653476
