train_acc;train_loss;test_acc;test_class_acc;test_loss
0.6107723577235772;0.08468708068859286;0.6388888888888888;0.5220269589317209;0.0842099880299917
0.6615853658536585;0.08254481222086806;0.6746031746031745;0.5578820417055711;0.08338704026811491
