train_acc;train_loss;test_acc;test_class_acc;test_loss
0.3302410617551463;0.07152590943251609;0.6477272727272727;0.595651798898552;0.0589337017048489
