train_acc;train_loss;test_acc;test_class_acc;test_loss
0.6230706742485784;0.08531473759905946;0.6477272727272727;0.5430825195548641;0.08363727017334013
0.4033306255077173;0.09555340507624112;0.6256313131313131;0.5092502599001799;0.08535980011778649
0.5507717303005687;0.0881336885346723;0.5258838383838383;0.4562199460557273;0.08839602967855906
0.6559707554833468;0.08432672996163788;0.7026515151515151;0.5309252288760868;0.08276855968164676
0.6536691037097212;0.0845712775243908;0.5915404040404041;0.4564182025258304;0.08805353059010072
0.56607094503114;0.08648236782222671;0.6906565656565657;0.5560784801209334;0.0813092944597957
0.5928107229894395;0.0868347403125303;0.4476010101010101;0.289974198965427;0.10090102989113692
0.6282832385594368;0.08541500462212559;0.6622474747474748;0.5281933142247349;0.08316721992962288
